"","mean_log_score","mean_Brier_score","mean_AUC","sd_log_score","sd_Brier_score","sd_AUC"
"Logistic_regression",0.253476127391479,0.0800730046815422,0.951326396348907,0.0690493544629941,0.0247309288285606,0.0252642686755205
"Elastic_net_fixed_alpha",0.244051498125298,0.0765197567524039,0.952322403848445,0.044913782713081,0.0171703937422829,0.0248630127588369
"BART",0.245375285183969,0.0746399411253564,0.958337277119943,0.05819466081466,0.0203918955848851,0.0256003226453718
"Random_forest",0.255985108551335,0.0767305293637455,0.958119683945673,0.0811791535025835,0.025412487983575,0.026963916563604
"mBART",0.256215781782953,0.0773954439684834,0.955885902652786,0.0408840533512945,0.0146127533571237,0.0198753560717437
