"","Brier score","Log loss","AUC"
"LR",0.0875851991540611,0.299063250649672,0.969450889404486
"Enet",0.0804156809134466,0.269315045675922,0.97159706109822
"BART",0.0745394063854992,0.231332920012034,0.955781129157
"RF",0.0776613622559653,0.252207621476793,0.949932327919567
"mBART",0.0752346672921979,0.237164657556016,0.957250580046404
